[{"Town": "Neora Valley National Park, Darjeeling, West Bengal, India", "lat": 27.085251, "lng": 88.700928}, {"Town": "Manas National Park, Gobardhana, Assam, India", "lat": 26.659424, "lng": 91.001129}, {"Town": "Dasuya Forest Division, Dasuya, Hoshiarpur, Punjab, India", "lat": 31.856564, "lng": 75.875702}, {"Town": "Keibul Lamjao National Park, Bishnupur, Manipur, India", "lat": 24.567108, "lng": 93.836975}, {"Town": "Tungareshwar National Park, Usgaon, Maharashtra, India", "lat": 19.403315, "lng": 72.95787}, {"Town": "Chandoli National Park, Kalgaon, Maharashtra,India", "lat": 17.143744, "lng": 73.857307}, {"Town": "Jim Corbett National Park, Ramnagar, Uttarakhand, India", "lat": 29.548599, "lng": 78.935303}, {"Town": "Pench National Park, Seoni, Madhya Pradesh, India", "lat": 22.016617, "lng": 79.829674}, {"Town": "Bandipur National Park, Karnataka, India", "lat": 11.6664, "lng": 76.629189}, {"Town": "Dibru Saikhowa National Park, Assam, India", "lat": 27.669033, "lng": 95.362549}, {"Town": "Kaziranga National Park, Assam, India", "lat": 26.575863, "lng": 93.167046}, {"Town": "Neyyar Wildlife Sanctuary, Kallikkad, Kerala, India", "lat": 8.534849, "lng": 77.150116}, {"Town": "New Amarambalam Wildlife Sanctuary, Kavalamukkatta, Kerala, India", "lat": 11.344064, "lng": 76.409912}, {"Town": "Koyna Wildlife Sanctuary, Koyna, Maharashtra, India", "lat": 17.781902, "lng": 73.700935}, {"Town": "Pobitora Wildlife Sanctuary, Pabitara, Assam, India", "lat": 26.230619, "lng": 92.054268}, {"Town": "Shettihalli Wildlife Sanctuary, Karnataka, India", "lat": 13.894744, "lng": 75.389214}, {"Town": "Gir National Park , Gujarat , India", "lat": 21.08, "lng": 80.74}]
